1,1,get,nine____________,_______4,
1,1,get,three___________,_______8,

2,2,insert,four____________,______11,jde4YSvDWMx50AtGetTexweIKcnJoupy7JdRQ5TxrMd
2,2,insert,four____________,______12,dCbOFsPpNpp2K0me2M4YK5Ws3HX595CkXYlymha1NzjuuSEohmI3B9Dz0
2,2,insert,four____________,______13,UR8qtjvSPsc1mwUFwGrL0tVYeUF5JElNRoqZYo5GZaOnCOxx
2,2,insert,two_____________,______14,ddwP0E4Z430ksiE0MTL5KCC7UE0Esa3TqhuUI0TYqjw9V2

3,3,get,eight___________,_______6,
3,3,get,two_____________,______10,
3,3,get,four____________,_______2,
3,3,get,four____________,_______7,

4,4,get,four____________,_______2,
4,4,get,four____________,_______7,

5,5,get,three___________,_______8,
5,5,get,four____________,______12,
5,5,get,four____________,_______7,

